"run","128N","128C","129N","129C","peptide","proteins","peptide_fdr"
"CBIO725_10",6922.1846,5263.0483,7098.995,5040.178,"LPLQQTTFPHQLR","Q12851|M4K2_HUMAN",0.76619774
"CBIO725_10",2095.7988,3408.9949,4171.487,4699.922,"IHGTFK","Q15542|TAF5_HUMAN",0.6765558
"CBIO725_10",0,0,0,0,"GRRTGSPGEGAHVSAAVAK","P30518|V2R_HUMAN",0.8892745
"CBIO725_10",6075.7397,7903.32,6749.1777,4174.3516,"RGIFDDR","Q6DN14|MCTP1_HUMAN",0.7640124
"CBIO725_10",6188.5337,5289.0254,8552.856,9242.52,"LSYSLKKR","B1ANY3|F220P_HUMAN",0.68337536
"CBIO754_16",1612.5588,3163.9304,2093.4856,1091.9293,"SVIQRLPSIDCIVR","Q9UGU0|TCF20_HUMAN",0.9123871
"CBIO754_16",899.0344,6366.0977,1993.9061,1321.3618,"DLVFKR","P20711|DDC_HUMAN",0.24624021
"CBIO754_16",0,3342.9143,0,1370.1063,"SADTLWDIQK","P07195|LDHB_HUMAN",0.00017070673
"CBIO754_16",2844.288,2871.0173,1694.5638,2586.1497,"TLNDELEIIEGMK","P10809|CH60_HUMAN",0.00017070673
"CBIO754_16",0,1357.7313,0,0,"KEETFALYRDVWMK","O14497|ARI1A_HUMAN",0.90428096
